email,subject,message
ppaulo030601@gmail.com,something,123124
pepe@pepe,nothing,just a little test
pepe@pepe,test,testing
pepe@pepe,psd,pp
pw@dsa.d,dsa,teste
wew@ds,dsa,saf
dsa@dasd,dsa,sfaf
dsadsa@ds,dsad,fsa
dsa@ds,sad,fsads
ppaulo0306@hotmail.com,ds,dasd
ppaulo0306@hotmail.com,ds,dasd
ppaulo0306@hotmail.com,ds,dasd
psdadsa@d,dsad,fsasad
dsad@sf,dsa,dsad
dsad@sf,dsa,dsad
dsad@sf,dsa,dsad
dsad@sf,dsa,dsad
dsad@sf,dsa,dsad
dsad@sf,dsa,dsad
dsad@sf,dsa,dsad
dsad@sf,dsa,dsad
dsad@sf,dsa,dsad
dsad@sf,dsa,dsad
dsad@sf,dsa,dsad
dsad@sf,dsa,dsad
dsad@sf,dsa,dsad
dsad@sf,dsa,dsad
dsad@sf,dsa,dsad
dsad@sf,dsa,dsad
dsad@sf,dsa,dsad
dsad@sf,dsa,dsad
dsad@sf,dsa,dsad
dsad@sf,dsa,dsad
